true_family,GCC_eq,GLC
GCC_eq,0.8703703703703703,0.12962962962962962
GLC,0.4444444444444444,0.5555555555555556
