true_family,guessing,procedural,rule-based
guessing,1.0,0.0,0.0
procedural,0.0,0.9032258064516129,0.0967741935483871
rule-based,0.0,0.18181818181818182,0.8181818181818182
