true_family,GCC_eq,GLC
GCC_eq,0.8703333333333333,0.12966666666666668
GLC,0.06166666666666667,0.9383333333333334
